地段位置或門牌,社區簡稱,交易日期,總價(萬元),單價,總面積,主建物佔比,型態,屋齡,樓別/樓高,交易標的,交易筆棟數,建物現況格局,車位總價,管理組織,電梯,主要用途,備註,路段
虎尾鎮光復路１０６之３號,,112/04/28,1080,14.13,76.43,,透天厝,38,全/四層,房地(土地+建物),土:1 建:1車:0,4房2廳3衛,,無,無,住商用,,虎尾鎮光復路
虎尾鎮光復路１１４號,,112/07/25,1300,15.54,83.65,,透天厝,40,全/四層,房地(土地+建物),土:1 建:1車:0,5房2廳3衛,,無,無,住商用,,虎尾鎮光復路
虎尾鎮光復路２０之１７號,,112/03/07,1500,19.83,75.64,,透天厝,14,全/四層,房地(土地+建物),土:1 建:1車:0,5房3廳3衛,,無,無,商業用,未登記建物;,虎尾鎮光復路
虎尾鎮光復路２０之７號,,113/05/19,1480,19.57,75.64,,透天厝,16,全/四層,房地(土地+建物)+車位,土:1 建:1車:1,4房3廳3衛,,無,無,商業用,,虎尾鎮光復路
虎尾鎮光復路２０６巷３１號,,113/03/29,900,27.36,32.89,,透天厝,43,全/二層,房地(土地+建物),土:1 建:1車:0,4房4廳4衛,,無,無,住商用,陽台外推;頂樓加蓋;其他增建;,虎尾鎮光復路
虎尾鎮光復路２０６巷４３之１號,,113/01/05,400,11.36,35.21,,透天厝,43,全/二層,房地(土地+建物),土:1 建:1車:0,3房1廳1衛,,無,無,住商用,,虎尾鎮光復路
虎尾鎮光復路２２０巷２０號,,111/02/25,950,13.3,71.44,,透天厝,41,全/二層,房地(土地+建物),土:2 建:2車:0,4房4廳4衛,,無,無,住商用,,虎尾鎮光復路
虎尾鎮光復路２２０巷２７號,,111/05/07,580,16.24,35.72,,透天厝,42,全/二層,房地(土地+建物),土:1 建:1車:0,4房1廳1衛,,無,無,住家用,,虎尾鎮光復路
虎尾鎮光復路２２０巷３５號,,111/11/01,200,10.77,18.57,,透天厝,42,全/二層,房地(土地+建物),土:1 建:1車:0,2房1廳1衛,,無,無,住商用,,虎尾鎮光復路
虎尾鎮光復路３０巷１號,,111/10/17,520,17.53,29.66,,透天厝,44,全/二層,房地(土地+建物),土:1 建:1車:0,1房2廳2衛,,無,無,住商用,,虎尾鎮光復路
虎尾鎮光復路３０巷３１號,,111/01/18,2150,23.73,90.59,,透天厝,1,全/四層,房地(土地+建物),土:1 建:1車:0,4房3廳5衛,,無,有,住家用,建物第一次登記後移轉,虎尾鎮光復路
虎尾鎮光復路３１５巷１６號,,112/10/25,600,26.76,22.42,,透天厝,50,全/二層,房地(土地+建物),土:4 建:1車:0,3房2廳2衛,,無,無,住家用,,虎尾鎮光復路
虎尾鎮光復路３１５巷１７號四樓,,112/02/07,320,12.26,26.11,89.77%,公寓(5樓含以下無電梯),31,四層/五層,房地(土地+建物)+車位,土:2 建:1車:1,3房1廳2衛,,無,無,住家用,,虎尾鎮光復路
虎尾鎮光復路３１５巷４號,,111/03/12,270,11.99,22.51,,透天厝,49,全/二層,房地(土地+建物),土:4 建:1車:0,3房1廳2衛,,無,無,住家用,,虎尾鎮光復路
虎尾鎮光復路４０８號,,113/01/05,2360,34.19,69.02,,透天厝,76,全/二層,房地(土地+建物),土:2 建:2車:0,5房3廳2衛,,無,無,住家用,,虎尾鎮光復路
虎尾鎮光復路４４６號五樓之５,,112/09/25,150,15.97,9.39,58.43%,套房(1房(1廳)1衛),27,五層/九層,房地(土地+建物),土:1 建:1車:0,1房1衛,,無,有,住家用,,虎尾鎮光復路
虎尾鎮光復路４８２號三樓之２,,110/12/07,510,11.79,43.24,72.65%,華廈(10層含以下有電梯),28,三層/九層,房地(土地+建物),土:1 建:1車:0,3房2廳2衛,,有,有,住家用,,虎尾鎮光復路
虎尾鎮光復路５７１巷１８號,,111/03/30,1090.9,40.36,27.03,,透天厝,24,全/一層,房地(土地+建物),土:1 建:1車:0,,,無,無,住家用,,虎尾鎮光復路
虎尾鎮和平路１４３號,,111/01/27,1080,26.52,40.73,,透天厝,44,全/三層,房地(土地+建物),土:2 建:1車:0,3房2廳3衛,,無,無,住商用,,虎尾鎮和平路
虎尾鎮和平路１５號,,111/10/12,1900,11.15,170.37,,透天厝,36,全/四層,房地(土地+建物),土:1 建:1車:0,5房1廳5衛,,無,無,住商用,,虎尾鎮和平路
虎尾鎮和平路１７之１０號,,111/06/14,605,11.7,51.79,64.69%,華廈(10層含以下有電梯),25,"一層,二層,三層/九層",房地(土地+建物),土:1 建:1車:0,3房1廳2衛,,有,有,住商用,,虎尾鎮和平路
虎尾鎮和平路１７號七樓之五,,111/07/26,430,11.8,36.51,48.41%,華廈(10層含以下有電梯),25,七層/九層,房地(土地+建物)+車位,土:1 建:1車:1,3房2廳1衛,,有,有,住家用,,虎尾鎮和平路
虎尾鎮和平路１７號七樓之十,,113/01/01,270,12.8,21.06,66.23%,套房(1房(1廳)1衛),26,七層/九層,房地(土地+建物),土:1 建:1車:0,1房1廳1衛,,有,有,住家用,,虎尾鎮和平路
虎尾鎮和平路１７號九樓之五,,113/02/28,550,15.1,36.51,63.85%,華廈(10層含以下有電梯),26,九層/九層,房地(土地+建物)+車位,土:1 建:1車:1,2房1廳1衛,,有,有,住家用,,虎尾鎮和平路
虎尾鎮和平路１７號九樓之六,,113/05/22,688,15.8,43.5,62.37%,華廈(10層含以下有電梯),27,九層/九層,房地(土地+建物)+車位,土:1 建:1車:1,3房2廳2衛,,有,有,住家用,,虎尾鎮和平路
虎尾鎮和平路１７號二樓之１,,113/03/10,520,10.5,49.39,62.84%,華廈(10層含以下有電梯),26,"二層,三層/九層",房地(土地+建物),土:1 建:1車:0,2房2廳2衛,,有,有,住商用,,虎尾鎮和平路
虎尾鎮和平路１７號五樓之十,,112/11/26,350,16.6,21.06,66.23%,華廈(10層含以下有電梯),26,五層/九層,房地(土地+建物),土:1 建:1車:0,2房1廳1衛,,有,有,住家用,,虎尾鎮和平路
虎尾鎮和平路２１之２號,,113/02/20,1750,17.46,100.23,75.23%,公寓(5樓含以下無電梯),26,"一層,二層,三層,騎樓/九層",房地(土地+建物),土:1 建:1車:0,3房3廳4衛,,有,無,住商用,,虎尾鎮和平路
虎尾鎮和平路２６號,,111/05/30,1360,19.66,69.17,,透天厝,43,全/三層,房地(土地+建物),土:1 建:1車:0,3房1廳3衛,,無,無,住商用,頂樓加蓋;其他增建;,虎尾鎮和平路
虎尾鎮和平路９６號,,112/09/21,780,28.09,27.77,,透天厝,77,全/二層,房地(土地+建物),土:1 建:1車:0,3房2廳1衛,,無,無,住商用,其他增建;,虎尾鎮和平路
虎尾鎮建國路４巷３２號,,110/10/28,550,9.2,59.81,,透天厝,28,全/三層,房地(土地+建物),土:5 建:1車:0,4房1廳3衛,,無,無,住家用,,虎尾鎮建國路
虎尾鎮復興路１４１號六樓,立仁世家,111/03/29,580,13.1,44.4,69.93%,華廈(10層含以下有電梯),28,六層/七層,房地(土地+建物),土:1 建:1車:0,3房2廳2衛,,有,有,住家用,,虎尾鎮復興路
虎尾鎮復興路１４７巷１１號五樓,立仁世家,110/12/07,450,12,37.49,57.88%,華廈(10層含以下有電梯),28,五層/七層,房地(土地+建物)+車位,土:1 建:1車:1,3房2廳2衛,,有,有,住家用,,虎尾鎮復興路
虎尾鎮復興路１４７巷２號五樓,立仁世家,110/12/31,530,12.4,42.57,61.85%,華廈(10層含以下有電梯),28,五層/七層,房地(土地+建物)+車位,土:1 建:1車:1,3房2廳2衛,,有,有,住家用,,虎尾鎮復興路
虎尾鎮復興路１４７巷９號四樓之２,立仁世家,110/09/27,340,10.5,32.46,56.61%,華廈(10層含以下有電梯),28,四層/七層,房地(土地+建物)+車位,土:1 建:1車:1,3房2廳2衛,,有,有,住家用,,虎尾鎮復興路
虎尾鎮復興路１６１號五樓,立仁世家,111/10/01,558,11.39,49,66.72%,華廈(10層含以下有電梯),29,五層/七層,房地(土地+建物)+車位,土:1 建:1車:1,3房2廳2衛,,有,有,住家用,,虎尾鎮復興路
虎尾鎮復興路２１１之５號,,113/02/18,1788,27.34,65.4,,透天厝,10,全/三層,房地(土地+建物),土:2 建:1車:0,6房1廳6衛,,無,無,住家用,,虎尾鎮復興路
虎尾鎮復興路７７巷１６號,,111/03/12,438,19.46,22.51,,透天厝,17,全/二層,房地(土地+建物),土:1 建:1車:0,2房2廳2衛,,無,無,住家用,其他增建;,虎尾鎮復興路
虎尾鎮忠孝路１５３號,,112/08/21,888,26.63,33.35,,透天厝,43,全/二層,房地(土地+建物),土:1 建:1車:0,5房2廳3衛,,無,無,住商用,契稅另由賣方負擔。,虎尾鎮忠孝路
虎尾鎮忠孝路１７１巷２之２號,,110/12/25,1050,15.52,67.66,,透天厝,16,全/四層,房地(土地+建物),土:1 建:1車:0,4房3廳3衛,,無,無,住家用,,虎尾鎮忠孝路
虎尾鎮忠孝路１８０巷１９號,,113/03/02,620,23.24,26.68,,透天厝,45,全/二層,房地(土地+建物),土:2 建:1車:0,4房2廳2衛,,無,無,住商用,,虎尾鎮忠孝路
虎尾鎮忠孝路１９６巷３２號,,112/08/15,950,17.57,54.08,,透天厝,25,全/四層,房地(土地+建物),土:2 建:1車:0,5房2廳3衛,,無,無,住家用,含傢俱設備費;,虎尾鎮忠孝路
虎尾鎮忠孝路１９６巷４３號,,110/09/24,828,15.38,53.85,,透天厝,23,全/四層,房地(土地+建物),土:2 建:1車:0,7房1廳3衛,,無,無,住家用,,虎尾鎮忠孝路
虎尾鎮忠孝路１９６巷４９號,,113/04/24,1105,19.25,57.4,,透天厝,25,全/四層,房地(土地+建物),土:2 建:1車:0,5房2廳3衛,,無,無,住家用,其他增建;,虎尾鎮忠孝路
虎尾鎮忠孝路１９６巷５０號,,112/06/09,1120,19.37,57.81,,透天厝,25,全/四層,房地(土地+建物),土:2 建:1車:0,4房3廳4衛,,無,無,住家用,,虎尾鎮忠孝路
虎尾鎮忠孝路２２６號八樓,虎尾巨星,113/03/19,520,15,34.72,68.51%,華廈(10層含以下有電梯),27,八層/八層,房地(土地+建物),土:1 建:1車:0,3房2廳2衛,,有,有,住家用,,虎尾鎮忠孝路
虎尾鎮忠孝路２２８號七樓,虎尾巨星,111/01/29,388,9.9,39,68.29%,華廈(10層含以下有電梯),25,七層/八層,房地(土地+建物),土:1 建:1車:0,3房2廳1衛,,有,有,住家用,,虎尾鎮忠孝路
虎尾鎮忠孝路２２８號三樓,虎尾巨星,113/03/28,556,14.3,39,68.29%,華廈(10層含以下有電梯),28,三層/八層,房地(土地+建物),土:1 建:1車:0,3房2廳2衛,,有,有,住家用,,虎尾鎮忠孝路
虎尾鎮忠孝路２２８號二樓,虎尾巨星,111/02/07,400,10.2,39.36,67.67%,華廈(10層含以下有電梯),25,二層/八層,房地(土地+建物),土:1 建:1車:0,3房2廳2衛,,有,有,住家用,其他增建;,虎尾鎮忠孝路
虎尾鎮忠孝路２３０號八樓,虎尾巨星,111/04/28,368,11.2,32.79,65.65%,華廈(10層含以下有電梯),26,八層/八層,房地(土地+建物),土:1 建:1車:0,3房1廳2衛,,有,有,住家用,,虎尾鎮忠孝路
虎尾鎮忠孝路２３６號七樓,虎尾巨星,110/12/30,458,10.8,42.57,66.56%,公寓(5樓含以下無電梯),25,七層/八層,房地(土地+建物),土:1 建:1車:0,3房1廳2衛,,無,無,住家用,,虎尾鎮忠孝路
虎尾鎮忠孝路２３６號五樓,虎尾巨星,112/04/03,520,12.2,42.57,66.56%,華廈(10層含以下有電梯),27,五層/八層,房地(土地+建物),土:1 建:1車:0,3房2廳2衛,,有,有,住家用,,虎尾鎮忠孝路
虎尾鎮忠孝路２３８號八樓,虎尾巨星,112/05/07,456,12.1,37.6,66.91%,華廈(10層含以下有電梯),27,八層/八層,房地(土地+建物),土:1 建:1車:0,2房2廳1衛,,有,有,住家用,,虎尾鎮忠孝路
虎尾鎮忠孝路２４０號五樓之一,虎尾巨星,113/04/28,400,14.32,27.94,58.83%,華廈(10層含以下有電梯),28,五層/八層,房地(土地+建物),土:1 建:1車:0,2房2廳1衛,,有,有,住家用,,虎尾鎮忠孝路
虎尾鎮忠孝路９６號,,111/06/20,1060,14.61,72.56,,透天厝,33,全/四層,房地(土地+建物),土:1 建:1車:0,7房2廳4衛,,無,無,住商用,其他增建;,虎尾鎮忠孝路
虎尾鎮民權路２７號,,112/07/10,1350,26.29,51.36,,透天厝,42,全/四層,房地(土地+建物),土:1 建:1車:0,6房1廳4衛,,無,無,住商用,頂樓加蓋;其他增建;,虎尾鎮民權路
虎尾鎮民權路６９號,,112/10/30,1080,25.83,41.81,,透天厝,32,全/五層,房地(土地+建物),土:1 建:1車:0,3房1廳3衛,,無,無,住商用,,虎尾鎮民權路
虎尾鎮科園路４６號,,112/09/18,2450,24.8,98.81,,透天厝,2,全/四層,房地(土地+建物)+車位,土:3 建:1車:1,5房2廳6衛,,無,有,住家用,,虎尾鎮科園路
虎尾鎮科園路５２號,,112/08/08,1930,22.27,86.68,,透天厝,2,全/四層,房地(土地+建物),土:3 建:1車:0,5房3廳5衛,,無,有,住家用,,虎尾鎮科園路
虎尾鎮科園路５８號,,111/05/24,1858,21.09,88.1,,透天厝,1,全/四層,房地(土地+建物),土:3 建:1車:0,5房3廳5衛,,有,有,住家用,,虎尾鎮科園路
虎尾鎮科園路６０號,,111/02/26,1553,17.92,86.68,,透天厝,,全/四層,房地(土地+建物),土:3 建:1車:0,5房3廳5衛,,有,有,住家用,建物第一次登記後移轉,虎尾鎮科園路
虎尾鎮科園路６２號,,112/09/21,2160,24.92,86.68,,透天厝,2,全/四層,房地(土地+建物),土:3 建:1車:0,5房3廳5衛,,有,有,住家用,"樣品屋(詳如裝潢前後的照片)含裝潢費3,000,000元;",虎尾鎮科園路
虎尾鎮科園路６６號,,111/04/19,1660,19.15,86.68,,透天厝,1,全/四層,房地(土地+建物),土:3 建:1車:0,5房3廳5衛,,有,有,住家用,建物第一次登記後移轉,虎尾鎮科園路
虎尾鎮科園路３６３號,湯布院,111/07/29,1510,16.09,93.86,,透天厝,4,全/四層,房地(土地+建物),土:2 建:1車:0,4房2廳5衛,,有,無,住家用,,虎尾鎮科園路
虎尾鎮科園路３８１之１０號,湯布院,112/02/11,1625,19.71,82.43,,透天厝,4,全/四層,房地(土地+建物)+車位,土:3 建:1車:2,4房2廳5衛,,無,無,住家用,含傢俱設備費;,虎尾鎮科園路
虎尾鎮虎興北路２５號,,111/09/06,1638,23.37,70.08,,透天厝,1,全/三層,房地(土地+建物),土:2 建:1車:0,4房2廳5衛,,無,無,住家用,成屋之交易案； 角間、地坪大。,虎尾鎮虎興北路
虎尾鎮虎興北路２９之１１號,,112/07/30,914,20.86,43.82,,透天厝,2,全/三層,房地(土地+建物),土:5 建:1車:0,4房2廳3衛,,有,無,住家用,,虎尾鎮虎興北路
虎尾鎮虎興北路２９之３號,,112/10/12,940,24.63,38.16,,透天厝,2,全/三層,房地(土地+建物),土:4 建:1車:0,4房1廳3衛,,無,無,住家用,,虎尾鎮虎興北路
虎尾鎮虎興北路３１號,,111/04/26,1380,22.46,61.43,,透天厝,1,全/三層,房地(土地+建物),土:2 建:1車:0,4房2廳5衛,,無,無,住家用,成屋之交易案件,虎尾鎮虎興北路
虎尾鎮虎興北路３５之８號,,111/10/24,936,22.6,41.42,,透天厝,1,全/三層,房地(土地+建物),土:4 建:1車:0,4房2廳3衛,,無,無,住家用,,虎尾鎮虎興北路
虎尾鎮虎興北路３５號,,113/04/25,1460,20.42,71.49,,透天厝,3,全/三層,房地(土地+建物),土:3 建:1車:0,4房3廳5衛,,無,無,住家用,,虎尾鎮虎興北路
虎尾鎮虎興北路３７之１０號,,111/02/08,900,16.71,53.87,,透天厝,1,全/三層,房地(土地+建物),土:5 建:1車:0,4房1廳3衛,,無,無,住家用,,虎尾鎮虎興北路
虎尾鎮虎興北路７３號,,111/05/24,1350,21.55,62.65,,透天厝,9,全/三層,房地(土地+建物),土:3 建:1車:0,4房2廳4衛,,無,無,住家用,,虎尾鎮虎興北路
虎尾鎮虎興北路１０１號,,111/05/18,850,16.98,50.05,,透天厝,9,全/三層,房地(土地+建物),土:4 建:1車:0,3房2廳3衛,,無,無,住家用,,虎尾鎮虎興北路
虎尾鎮虎興北路１２１號,,112/12/31,1400,27.17,51.53,,透天厝,10,全/三層,房地(土地+建物),土:4 建:1車:0,4房2廳3衛,,無,無,住家用,頂樓加蓋;,虎尾鎮虎興北路
虎尾鎮虎興北路１４１號,,111/02/21,1020,18.46,55.25,,透天厝,8,全/三層,房地(土地+建物),土:3 建:1車:0,4房2廳3衛,,有,無,住家用,其他增建;,虎尾鎮虎興北路
虎尾鎮虎興北路１４３號,,111/01/12,1000,18.1,55.25,,透天厝,8,全/三層,房地(土地+建物),土:3 建:1車:0,,,無,無,住家用,頂樓加蓋;其他增建;,虎尾鎮虎興北路
虎尾鎮虎興南路１０２號,,112/01/03,1300,25.72,50.55,,透天厝,2,全/三層,房地(土地+建物),土:2 建:1車:0,4房1廳5衛,,無,無,住家用,親友、員工、共有人或其他特殊關係間之交易;,虎尾鎮虎興南路
虎尾鎮虎興南路１０８之７號,,111/01/10,1268,22.76,55.72,,透天厝,1,全/三層,房地(土地+建物),土:3 建:1車:0,4房2廳4衛,,無,無,住家用,,虎尾鎮虎興南路
虎尾鎮虎興南路１１０之２號,,112/07/27,1500,26.76,56.05,,透天厝,3,全/三層,房地(土地+建物),土:3 建:1車:0,4房2廳4衛,,無,無,住家用,,虎尾鎮虎興南路
虎尾鎮虎興南路５２８之１１號,,112/06/12,908,20.21,44.92,,透天厝,7,全/三層,房地(土地+建物),土:2 建:1車:0,4房2廳3衛,,無,無,住家用,,虎尾鎮虎興南路
虎尾鎮虎興南路５２８之２號,,112/12/11,890,20.61,43.18,,透天厝,7,全/三層,房地(土地+建物),土:2 建:1車:0,4房2廳3衛,,無,無,住家用,其他增建;,虎尾鎮虎興南路
虎尾鎮虎興南路５９２號,,112/11/28,1280,28.82,44.41,0.6897,華廈(10層含以下有電梯),1,一層/六層,房地(土地+建物),土:1 建:1車:0,1房1廳1衛,,有,有,商業用,,虎尾鎮虎興南路
虎尾鎮虎興東一街１３６之２號,,112/11/07,1530,27.11,56.44,,透天厝,1,全/三層,房地(土地+建物),土:3 建:1車:0,5房3廳5衛,,無,無,住家用,,虎尾鎮虎興東一街
虎尾鎮虎興東一街１３６之３號,,112/10/10,1450,26.58,54.55,,透天厝,1,全/三層,房地(土地+建物),土:3 建:1車:0,5房3廳5衛,,無,無,住家用,,虎尾鎮虎興東一街
虎尾鎮虎興東一街１３８之１號,,111/02/19,1262,20.1,62.8,,透天厝,,全/三層,房地(土地+建物),土:3 建:1車:0,5房3廳5衛,,無,無,住家用,預售屋、或土地及建物分件登記案件;,虎尾鎮虎興東一街
虎尾鎮虎興東一街１３８之５號,,113/01/20,1530,28.05,54.55,,透天厝,1,全/三層,房地(土地+建物),土:4 建:1車:0,5房3廳5衛,,無,無,住家用,,虎尾鎮虎興東一街
虎尾鎮虎興東一街１３８之７號,,112/07/23,1560,24.49,63.7,,透天厝,,全/三層,房地(土地+建物),土:4 建:1車:0,5房3廳5衛,,有,無,住家用,,虎尾鎮虎興東一街
虎尾鎮虎興東一街１４６號,,112/05/15,1500,19.62,76.46,,透天厝,,全/四層,房地(土地+建物),土:2 建:1車:0,5房3廳6衛,,無,有,住家用,,虎尾鎮虎興東一街
虎尾鎮虎興東一街１８３號,,113/03/15,1500,19.05,78.76,,透天厝,2,全/三層,房地(土地+建物),土:1 建:1車:0,4房2廳5衛,,無,有,住家用,,虎尾鎮虎興東一街
虎尾鎮虎興東一街２２２號,,112/03/29,1100,15.53,70.81,,透天厝,,全/三層,房地(土地+建物),土:1 建:1車:0,4房2廳3衛,,無,無,住家用,買方另補貼賣方給建商客變及代辦費用共計新台幣捌萬陸仟元整。其他增建;,虎尾鎮虎興東一街
虎尾鎮虎興東一街２６２號,,111/12/21,1860,28.49,65.29,,透天厝,,全/三層,房地(土地+建物),土:2 建:1車:0,4房2廳4衛,,無,無,住家用,預售屋、或土地及建物分件登記案件;,虎尾鎮虎興東一街
虎尾鎮虎興東一街２６６號,,113/05/21,2160,32.95,65.55,,透天厝,1,全/三層,房地(土地+建物),土:2 建:1車:0,4房2廳4衛,,無,無,住家用,,虎尾鎮虎興東一街
虎尾鎮虎興東一街２６８號,,113/02/05,2058,31.4,65.55,,透天厝,,全/三層,房地(土地+建物),土:2 建:1車:0,4房2廳4衛,,無,無,住家用,建物第一次登記後移轉,虎尾鎮虎興東一街
虎尾鎮虎興東一街２７６號,,112/12/24,2038,31.09,65.55,,透天厝,,全/三層,房地(土地+建物),土:2 建:1車:0,4房2廳4衛,,無,無,住家用,建物第一次登記後移轉,虎尾鎮虎興東一街
虎尾鎮虎興東一街２７８號,,112/09/18,2038,31.25,65.21,,透天厝,,全/三層,房地(土地+建物),土:2 建:1車:0,4房2廳4衛,,無,無,住家用,預售屋、或土地及建物分件登記案件;,虎尾鎮虎興東一街
虎尾鎮虎興東一街２８０號,,111/10/23,1860,28.52,65.21,,透天厝,,全/三層,房地(土地+建物),土:2 建:1車:0,4房2廳4衛,,無,無,住家用,預售屋、或土地及建物分件登記案件;,虎尾鎮虎興東一街
虎尾鎮虎興東二路１７２號,,112/03/31,1678,28.18,59.54,,透天厝,,全/三層,房地(土地+建物),土:2 建:1車:0,5房2廳5衛,,有,無,住家用,預售屋、或土地及建物分件登記案件;,虎尾鎮虎興東二路
虎尾鎮虎興東二路１７６號,,112/05/22,1618,27.58,58.67,,透天厝,,全/三層,房地(土地+建物),土:2 建:1車:0,5房2廳5衛,,有,無,住家用,預售屋、或土地及建物分件登記案件;,虎尾鎮虎興東二路
虎尾鎮虎興東二路１８６號,,112/05/13,1608,27.82,57.8,,透天厝,,全/三層,房地(土地+建物),土:2 建:1車:0,5房2廳5衛,,有,無,住家用,預售屋、或土地及建物分件登記案件;,虎尾鎮虎興東二路
虎尾鎮虎興東二路１８８號,,112/05/28,1630,27.85,58.52,,透天厝,,全/三層,房地(土地+建物),土:2 建:1車:0,4房2廳5衛,,有,無,住家用,預售屋、或土地及建物分件登記案件;,虎尾鎮虎興東二路
虎尾鎮虎興東二路１９６號,,112/04/14,1320,18.46,71.5,,透天厝,1,全/三層,房地(土地+建物),土:1 建:1車:0,4房2廳5衛,,無,無,住家用,其他增建;,虎尾鎮虎興東二路
虎尾鎮虎興東二路１９８號,,111/01/27,1215,17.61,68.98,,透天厝,,全/三層,房地(土地+建物),土:1 建:1車:0,4房2廳5衛,,無,無,住家用,其他增建;,虎尾鎮虎興東二路
虎尾鎮虎興東八街３０號,,113/02/05,856,30.9,29.75,0.9399,華廈(10層含以下有電梯),,一層/五層,房地(土地+建物)+車位,土:1 建:1車:2,1廳1衛,180,有,有,商業用,建物第一次登記後移轉,虎尾鎮虎興東八街
虎尾鎮虎興東八街３２號三樓之１,,112/07/10,582,16.2,34.52,0.7632,華廈(10層含以下有電梯),,三層/五層,房地(土地+建物)+車位,土:1 建:1車:1,3房1廳2衛,85,有,有,住家用,預售屋、或土地及建物分件登記案件;,虎尾鎮虎興東八街
虎尾鎮虎興東八街３２號三樓之２,,111/01/28,547,16.9,31.23,0.7668,華廈(10層含以下有電梯),,三層/五層,房地(土地+建物)+車位,土:1 建:1車:1,2房1廳1衛,85,有,有,住家用,預售屋、或土地及建物分件登記案件;,虎尾鎮虎興東八街
虎尾鎮虎興東八街３２號三樓之６,,111/11/19,550,16.2,32.6,0.7813,華廈(10層含以下有電梯),,三層/五層,房地(土地+建物)+車位,土:1 建:1車:1,2房1廳2衛,85,有,有,住家用,預售屋、或土地及建物分件登記案件;,虎尾鎮虎興東八街
虎尾鎮虎興東八街３２號二樓之２,,112/09/30,570,20.9,27.27,0.7676,華廈(10層含以下有電梯),,二層/五層,房地(土地+建物),土:1 建:1車:0,2房1廳1衛,,有,有,住家用,預售屋、或土地及建物分件登記案件;,虎尾鎮虎興東八街
虎尾鎮虎興東八街３２號二樓之３,,111/03/26,560,17.4,31.23,0.7668,華廈(10層含以下有電梯),,二層/五層,房地(土地+建物)+車位,土:1 建:1車:1,2房1廳1衛,85,有,有,住家用,預售屋、或土地及建物分件登記案件;,虎尾鎮虎興東八街
虎尾鎮虎興東八街３２號二樓之７,,111/03/08,512,16.8,29.36,0.766,華廈(10層含以下有電梯),,二層/五層,房地(土地+建物)+車位,土:1 建:1車:1,2房1廳1衛,85,有,有,住家用,預售屋、或土地及建物分件登記案件;,虎尾鎮虎興東八街
虎尾鎮虎興東八街３２號五樓之２,,112/08/28,560,17.4,31.23,0.7668,華廈(10層含以下有電梯),,五層/五層,房地(土地+建物)+車位,土:1 建:1車:1,2房1廳1衛,85,有,有,住家用,預售屋、或土地及建物分件登記案件;,虎尾鎮虎興東八街
虎尾鎮虎興東八街３２號五樓之７,,111/02/07,517,17,29.36,0.766,華廈(10層含以下有電梯),,五層/五層,房地(土地+建物)+車位,土:1 建:1車:1,2房1廳1衛,85,有,有,住家用,預售屋、或土地及建物分件登記案件;,虎尾鎮虎興東八街
虎尾鎮虎興東八街３２號四樓之２,,111/03/26,560,17.4,31.23,0.7668,華廈(10層含以下有電梯),,四層/五層,房地(土地+建物)+車位,土:1 建:1車:1,2房1廳1衛,85,有,有,住家用,預售屋、或土地及建物分件登記案件;,虎尾鎮虎興東八街
虎尾鎮虎興東八街３２號四樓之３,,111/03/25,560,17.4,31.23,0.7668,華廈(10層含以下有電梯),,四層/五層,房地(土地+建物)+車位,土:1 建:1車:1,2房1廳1衛,85,有,有,住家用,預售屋、或土地及建物分件登記案件;,虎尾鎮虎興東八街
虎尾鎮虎興東八街３２號四樓之７,,113/02/03,499,17,29.36,0.766,華廈(10層含以下有電梯),,四層/五層,房地(土地+建物)+車位,土:1 建:1車:1,2房1廳1衛,85,有,有,住家用,建物第一次登記後移轉,虎尾鎮虎興東八街
虎尾鎮虎興東六路３７號,大砌,113/05/02,1420,21.07,67.39,,透天厝,9,全/三層,房地(土地+建物),土:3 建:1車:0,5房1廳4衛,,無,無,住家用,含傢俱設備費;,虎尾鎮虎興東六路
虎尾鎮虎興東六路４２號,,113/02/06,1460,24.5,59.58,,透天厝,4,全/三層,房地(土地+建物),土:2 建:1車:0,5房2廳5衛,,無,無,住家用,,虎尾鎮虎興東六路
虎尾鎮虎興東十一街３８號,,111/09/19,1040,16.26,63.97,,透天厝,9,全/三層,房地(土地+建物),土:3 建:1車:0,5房2廳5衛,,有,無,住家用,其他增建;,虎尾鎮虎興東十一街
虎尾鎮虎興東十一街６２號,,112/04/21,1490,21.75,68.52,,透天厝,9,全/三層,房地(土地+建物),土:2 建:1車:0,5房2廳5衛,,無,無,住家用,買賣總價包含增建部分、屋外採光罩、室內裝潢、傢俱、家電。其他增建;,虎尾鎮虎興東十一街
虎尾鎮虎興東十一街８２號,,111/01/18,880,15.69,56.07,,透天厝,8,全/三層,房地(土地+建物),土:3 建:1車:0,4房2廳3衛,,有,無,住家用,含土地增值稅或其他稅費;含仲介費;,虎尾鎮虎興東十一街
虎尾鎮虎興東十一街１２８號,,111/07/05,1160,20.22,57.38,,透天厝,7,全/三層,房地(土地+建物),土:2 建:1車:0,4房2廳4衛,,無,無,住家用,,虎尾鎮虎興東十一街
虎尾鎮虎興東十一街１３８號,,111/05/02,1130,19.54,57.84,,透天厝,7,全/三層,房地(土地+建物),土:1 建:1車:0,4房2廳4衛,,無,無,住家用,,虎尾鎮虎興東十一街
虎尾鎮虎興東十一街１４５號,春不老,112/09/24,1160,16.66,69.63,,透天厝,9,全/二層,房地(土地+建物),土:2 建:1車:0,4房1廳3衛,,有,無,住家用,,虎尾鎮虎興東十一街
虎尾鎮虎興東十一街１５１號,春不老,113/01/22,1302,18.05,72.14,,透天厝,9,全/二層,房地(土地+建物)+車位,土:2 建:1車:1,4房2廳3衛,,有,無,住家用,,虎尾鎮虎興東十一街
虎尾鎮虎興東十一街１５７號,春不老,112/10/21,1176,17.13,68.64,,透天厝,9,全/二層,房地(土地+建物)+車位,土:2 建:1車:1,4房2廳3衛,,有,無,住家用,,虎尾鎮虎興東十一街
虎尾鎮虎興東十一街１６２號,,111/07/05,1180,21.25,55.52,,透天厝,7,全/三層,房地(土地+建物),土:2 建:1車:0,4房2廳4衛,,無,無,住家用,,虎尾鎮虎興東十一街
虎尾鎮虎興東十一街１６６號,,111/07/05,980,16.92,57.92,,透天厝,7,全/三層,房地(土地+建物),土:2 建:1車:0,4房2廳4衛,,無,無,住家用,,虎尾鎮虎興東十一街
虎尾鎮虎興東十一街１７１號,春不老,112/12/24,1442,20.64,69.87,,透天厝,9,全/二層,房地(土地+建物),土:2 建:1車:0,4房1廳3衛,,有,無,住家用,,虎尾鎮虎興東十一街
虎尾鎮虎興東十一街１７９號,春不老,111/10/13,1080,15.59,69.27,,透天厝,8,全/二層,房地(土地+建物),土:2 建:1車:0,4房2廳3衛,,有,無,住家用,,虎尾鎮虎興東十一街
虎尾鎮虎興東十一街１８１號,春不老,111/03/25,1100,15.88,69.27,,透天厝,8,全/二層,房地(土地+建物)+車位,土:2 建:1車:2,4房2廳3衛,,有,無,住家用,含傢俱設備費;,虎尾鎮虎興東十一街
虎尾鎮虎興東十一街１９７號,春不老,112/03/30,1180,17.19,68.64,,透天厝,9,全/二層,房地(土地+建物)+車位,土:2 建:1車:2,4房2廳3衛,,有,無,住家用,含傢俱設備費;,虎尾鎮虎興東十一街
虎尾鎮虎興東十街５２號,,111/01/21,1350,21.38,63.15,,透天厝,1,全/三層,房地(土地+建物),土:3 建:1車:0,4房1廳5衛,,無,無,住家用,,虎尾鎮虎興東十街
虎尾鎮虎興東十街６８號,,111/07/20,1688,23.19,72.78,,透天厝,1,全/三層,房地(土地+建物),土:1 建:1車:0,4房3廳4衛,,無,無,住家用,建物第一次登記後移轉,虎尾鎮虎興東十街
虎尾鎮虎興東十街７０號,,111/07/20,1450,20.23,71.66,,透天厝,1,全/三層,房地(土地+建物),土:1 建:1車:0,4房3廳4衛,,無,無,住家用,建物第一次登記後移轉,虎尾鎮虎興東十街
虎尾鎮虎興東十街７２號,,111/07/20,1450,20.23,71.66,,透天厝,1,全/三層,房地(土地+建物),土:1 建:1車:0,4房3廳4衛,,無,無,住家用,建物第一次登記後移轉,虎尾鎮虎興東十街
虎尾鎮虎興東十街７６號,,111/07/20,1450,19.97,72.61,,透天厝,1,全/三層,房地(土地+建物),土:1 建:1車:0,4房3廳4衛,,無,無,住家用,建物第一次登記後移轉,虎尾鎮虎興東十街
虎尾鎮虎興東十街１２７號,,112/08/09,1220,23.81,51.23,,透天厝,6,全/三層,房地(土地+建物),土:1 建:1車:0,3房2廳4衛,,無,無,住家用,,虎尾鎮虎興東十街
虎尾鎮虎興西一街３１號,禾楓君?高鐵十期,112/12/01,1295,21.55,60.08,,透天厝,4,全/三層,房地(土地+建物),土:1 建:1車:0,4房3廳4衛,,無,無,住家用,,虎尾鎮虎興西一街
虎尾鎮虎興西一街３２之１號,禾楓君悅高鐵5期,112/02/21,880,12.93,68.07,,透天厝,7,全/三層,房地(土地+建物),土:7 建:1車:0,4房1廳3衛,,有,無,住家用,未登記建物;,虎尾鎮虎興西一街
虎尾鎮虎興西一街３３之３號,禾楓君?高鐵十期,113/03/04,1300,23.28,55.84,,透天厝,4,全/三層,房地(土地+建物),土:2 建:1車:0,5房3廳5衛,,無,無,住家用,,虎尾鎮虎興西一街
虎尾鎮虎興西一街５６號,禾楓君悅高鐵6期,112/10/27,1320,22.68,58.2,,透天厝,7,全/三層,房地(土地+建物),土:2 建:1車:0,4房3廳3衛,,無,無,住家用,,虎尾鎮虎興西一街
虎尾鎮虎興西一街１８３號,,112/04/07,1305,17.61,74.09,,透天厝,8,全/四層,房地(土地+建物),土:2 建:1車:0,4房3廳4衛,,無,無,住家用,,虎尾鎮虎興西一街
虎尾鎮虎興西一街１９５之２號,,112/09/05,700,11.54,60.65,,透天厝,9,全/四層,房地(土地+建物),土:3 建:1車:0,5房1廳4衛,,無,無,住家用,,虎尾鎮虎興西一街
虎尾鎮虎興西一街１９７號,,111/01/14,1400,19.5,71.8,,透天厝,7,全/四層,房地(土地+建物),土:3 建:1車:0,4房3廳3衛,,無,無,住家用,含土地增值稅或其他稅費;含仲介費;,虎尾鎮虎興西一街
虎尾鎮虎興西三街２９號,,113/03/22,1450,24.03,60.33,,透天厝,6,全/三層,房地(土地+建物),土:1 建:1車:0,4房3廳4衛,,無,無,住家用,其他增建;,虎尾鎮虎興西三街
虎尾鎮虎興西三街８６號,,112/05/09,1800,22.12,81.36,,透天厝,8,全/四層,房地(土地+建物),土:1 建:1車:0,4房3廳5衛,,無,無,住家用,,虎尾鎮虎興西三街
虎尾鎮虎興西三街１００號,,112/09/03,1808,22.22,81.36,,透天厝,9,全/四層,房地(土地+建物),土:1 建:1車:0,4房2廳5衛,,無,無,住家用,,虎尾鎮虎興西三街
虎尾鎮虎興西三街１１７之１號,,112/11/12,1600,24.19,66.14,,透天厝,,全/四層,房地(土地+建物),土:2 建:1車:0,4房3廳5衛,,無,無,住家用,,虎尾鎮虎興西三街
虎尾鎮虎興西三街１１７之２號,,112/09/15,1570,23.76,66.08,,透天厝,,全/四層,房地(土地+建物),土:3 建:1車:0,4房3廳5衛,,無,無,住家用,,虎尾鎮虎興西三街
虎尾鎮虎興西三街１１７之３號,,112/05/12,1569,24.09,65.14,,透天厝,,全/四層,房地(土地+建物),土:3 建:1車:0,4房3廳5衛,,無,無,住家用,預售屋、或土地及建物分件登記案件;,虎尾鎮虎興西三街
虎尾鎮虎興西三街１１７之５號,,112/04/10,1609,24.33,66.13,,透天厝,,全/四層,房地(土地+建物),土:3 建:1車:0,4房3廳5衛,,無,無,住家用,預售屋、或土地及建物分件登記案件;,虎尾鎮虎興西三街
虎尾鎮虎興西三街１１７號,,112/04/04,1518,25.16,60.33,,透天厝,,全/四層,房地(土地+建物),土:1 建:1車:0,4房3廳5衛,,無,無,住家用,預售屋、或土地及建物分件登記案件;,虎尾鎮虎興西三街
虎尾鎮虎興西三街１１９號,,112/09/27,1481,24.94,59.38,,透天厝,,全/四層,房地(土地+建物),土:1 建:1車:0,4房3廳5衛,,無,無,住家用,,虎尾鎮虎興西三街
虎尾鎮虎興西三街１２１號,,112/09/08,1498,25.24,59.34,,透天厝,,全/四層,房地(土地+建物),土:1 建:1車:0,4房3廳5衛,,無,無,住家用,,虎尾鎮虎興西三街
虎尾鎮虎興西三街１２３號,,112/08/24,1523,24.72,61.62,,透天厝,,全/四層,房地(土地+建物),土:1 建:1車:0,4房3廳5衛,,無,無,住家用,,虎尾鎮虎興西三街
虎尾鎮虎興西三街１３５號,,111/06/20,1060,19.86,53.37,,透天厝,7,全/三層,房地(土地+建物),土:1 建:1車:0,4房2廳2衛,,無,無,住家用,,虎尾鎮虎興西三街
虎尾鎮虎興西三街１３７號,,112/02/23,1050,19.67,53.37,,透天厝,7,全/三層,房地(土地+建物),土:1 建:1車:0,5房2廳3衛,,無,無,住家用,,虎尾鎮虎興西三街
虎尾鎮虎興西二路１３３之１５號,,111/01/26,1170,17.49,66.89,,透天厝,6,全/四層,房地(土地+建物),土:3 建:1車:0,5房2廳5衛,,無,無,住家用,其他增建;,虎尾鎮虎興西二路
虎尾鎮虎興西二路１３３之７號,,111/04/05,1200,17.97,66.76,,透天厝,6,全/四層,房地(土地+建物),土:3 建:1車:0,5房3廳5衛,,無,無,住家用,陽台外推;頂樓加蓋;其他增建;,虎尾鎮虎興西二路
虎尾鎮虎興西二路１４５之１７號,,111/08/05,980,16.67,58.79,,透天厝,7,全/四層,房地(土地+建物),土:4 建:1車:0,4房2廳3衛,,無,無,住家用,,虎尾鎮虎興西二路
虎尾鎮虎興西二路１７１號,,112/09/15,1680,26.79,62.72,,透天厝,1,全/三層,房地(土地+建物),土:1 建:1車:0,5房2廳5衛,,無,無,住家用,其他增建;,虎尾鎮虎興西二路
虎尾鎮虎興西五街７９號,,112/12/17,1800,29.73,60.54,,透天厝,1,全/三層,房地(土地+建物),土:2 建:1車:0,4房2廳4衛,,無,無,住家用,,虎尾鎮虎興西五街
虎尾鎮虎興西五街８１號,,112/12/07,1720,28.85,59.62,,透天厝,1,全/三層,房地(土地+建物),土:2 建:1車:0,4房2廳4衛,,無,無,住家用,其他增建;,虎尾鎮虎興西五街
虎尾鎮虎興西五街８３號,,112/12/07,1720,28.85,59.62,,透天厝,1,全/三層,房地(土地+建物),土:2 建:1車:0,4房2廳4衛,,無,無,住家用,其他增建;,虎尾鎮虎興西五街
虎尾鎮虎興西五街８５號,,113/02/18,1760,29.09,60.5,,透天厝,1,全/三層,房地(土地+建物),土:2 建:1車:0,4房2廳4衛,,無,無,住家用,,虎尾鎮虎興西五街
虎尾鎮虎興西五街８７號,,113/01/24,1690,30.91,54.67,,透天厝,1,全/三層,房地(土地+建物),土:3 建:1車:0,4房2廳4衛,,無,無,住家用,,虎尾鎮虎興西五街
虎尾鎮虎興西五街８９號,,112/09/23,1650,30.65,53.83,,透天厝,,全/三層,房地(土地+建物),土:3 建:1車:0,4房2廳4衛,,無,無,住家用,其他增建;,虎尾鎮虎興西五街
虎尾鎮虎興西五街９１號,,112/07/03,1648,30.61,53.83,,透天厝,,全/三層,房地(土地+建物),土:3 建:1車:0,5房2廳4衛,,無,無,住家用,建物第一次登記後移轉,虎尾鎮虎興西五街
虎尾鎮虎興西五街９３號,,113/04/11,2000,36.61,54.63,,透天厝,1,全/三層,房地(土地+建物),土:2 建:1車:0,4房2廳4衛,,無,無,住家用,其他增建;,虎尾鎮虎興西五街
虎尾鎮虎興西五街１１５號三樓之３,,111/05/10,556,16.12,34.49,0.7014,華廈(10層含以下有電梯),,三層/五層,房地(土地+建物),土:1 建:1車:0,2房1廳2衛,,有,有,住家用,建物第一次登記後移轉 法定空地約定專用停車位編號8,虎尾鎮虎興西五街
虎尾鎮虎興西五街１１５號三樓之５,,111/05/03,553.6,13.5,41.08,0.6967,華廈(10層含以下有電梯),,三層/五層,房地(土地+建物)+車位,土:1 建:1車:1,2房1廳2衛,,有,有,住家用,建物第一次登記後移轉,虎尾鎮虎興西五街
虎尾鎮虎興西五街１１５號三樓之６,,111/05/04,463.5,13.7,33.83,0.6725,華廈(10層含以下有電梯),,三層/五層,房地(土地+建物)+車位,土:1 建:1車:1,2房1廳2衛,,有,有,住家用,建物第一次登記後移轉,虎尾鎮虎興西五街
虎尾鎮虎興西五街１１５號二樓之１,,111/05/08,518,16.2,31.95,0.7143,華廈(10層含以下有電梯),,二層/五層,房地(土地+建物),土:1 建:1車:0,2房1廳2衛,,有,有,住家用,建物第一次登記後移轉 法定空地約定專用停車位編號6,虎尾鎮虎興西五街
虎尾鎮虎興西五街１１５號二樓之３,,111/07/08,650,18.8,34.49,0.7014,華廈(10層含以下有電梯),,二層/五層,房地(土地+建物),土:1 建:1車:0,2房1廳2衛,,有,有,住家用,建物第一次登記後移轉 法定空地約定專用停車位編號7,虎尾鎮虎興西五街
虎尾鎮虎興西五街１１５號二樓之５,,111/05/03,551,13.4,41.08,0.6967,華廈(10層含以下有電梯),,二層/五層,房地(土地+建物)+車位,土:1 建:1車:1,2房1廳2衛,,有,有,住家用,建物第一次登記後移轉,虎尾鎮虎興西五街
虎尾鎮虎興西五街１１５號二樓之６,,111/05/11,451.6,13.4,33.83,0.6725,華廈(10層含以下有電梯),,二層/五層,房地(土地+建物)+車位,土:1 建:1車:1,2房1廳2衛,,有,有,住家用,建物第一次登記後移轉,虎尾鎮虎興西五街
虎尾鎮虎興西五街１１５號五樓之１,,111/05/13,510,16,31.95,0.7143,華廈(10層含以下有電梯),,五層/五層,房地(土地+建物),土:1 建:1車:0,2房1廳2衛,,有,有,住家用,建物第一次登記後移轉 法定空地約定專用停車位編號5,虎尾鎮虎興西五街
虎尾鎮虎興西五街１１５號五樓之２,,111/08/30,645,15.7,41.08,0.6967,華廈(10層含以下有電梯),,五層/五層,房地(土地+建物)+車位,土:1 建:1車:1,2房1廳1衛,,有,有,住家用,,虎尾鎮虎興西五街
虎尾鎮虎興西五街１１５號五樓之３,,111/05/05,550,13.9,39.64,0.6968,華廈(10層含以下有電梯),,五層/五層,房地(土地+建物)+車位,土:1 建:1車:1,2房1廳2衛,,有,有,住家用,建物第一次登記後移轉,虎尾鎮虎興西五街
虎尾鎮虎興西五街１１５號五樓之５,,111/05/11,582.4,14.2,41.08,0.6967,華廈(10層含以下有電梯),,五層/五層,房地(土地+建物)+車位,土:1 建:1車:1,2房1廳2衛,,有,有,住家用,建物第一次登記後移轉,虎尾鎮虎興西五街
虎尾鎮虎興西五街１１５號五樓之６,,111/05/03,450,13.3,33.83,0.6725,華廈(10層含以下有電梯),,五層/五層,房地(土地+建物)+車位,土:1 建:1車:1,2房1廳2衛,,有,有,住家用,建物第一次登記後移轉,虎尾鎮虎興西五街
虎尾鎮虎興西五街１１５號四樓之２,,111/05/03,550,13.4,41.08,0.6967,華廈(10層含以下有電梯),,四層/五層,房地(土地+建物)+車位,土:1 建:1車:1,2房1廳2衛,,有,有,住家用,建物第一次登記後移轉,虎尾鎮虎興西五街
虎尾鎮虎興西五街１１５號四樓之３,,111/05/06,566,16.4,34.49,0.7014,華廈(10層含以下有電梯),,四層/五層,房地(土地+建物),土:1 建:1車:0,2房1廳2衛,,有,有,住家用,建物第一次登記後移轉 法定空地約定專用停車位編號1,虎尾鎮虎興西五街
虎尾鎮虎興西五街１１５號四樓之５,,111/05/05,560,15.6,35.93,0.7011,華廈(10層含以下有電梯),,四層/五層,房地(土地+建物),土:1 建:1車:0,2房1廳2衛,,有,有,住家用,建物第一次登記後移轉 法定空地約定專用停車位編號3,虎尾鎮虎興西五街
虎尾鎮虎興西五街１１５號四樓之６,,111/05/05,464.6,13.7,33.83,0.6725,華廈(10層含以下有電梯),,四層/五層,房地(土地+建物)+車位,土:1 建:1車:1,2房1廳2衛,,有,有,住家用,建物第一次登記後移轉,虎尾鎮虎興西五街
虎尾鎮虎興西八路１號,品松境,111/06/23,1070,22.95,46.63,,透天厝,4,全/三層,房地(土地+建物),土:2 建:1車:0,4房3廳3衛,,無,無,住家用,,虎尾鎮虎興西八路
虎尾鎮虎興西八路１０７號,,112/01/04,1480,23.89,61.94,,透天厝,,全/三層,房地(土地+建物),土:1 建:1車:0,5房1廳4衛,,有,無,住家用,預售屋、或土地及建物分件登記案件;,虎尾鎮虎興西八路
虎尾鎮虎興西八路１８８號,,113/04/06,1370,21.25,64.47,,透天厝,,全/三層,房地(土地+建物),土:1 建:1車:0,5房2廳5衛,,無,無,住家用,,虎尾鎮虎興西八路
虎尾鎮虎興西八路２６６號,湯布院,113/02/25,2750,24.66,111.52,,透天厝,5,全/四層,房地(土地+建物)+車位,土:2 建:1車:2,5房1廳5衛,,有,無,住家用,有分管協議停車位,虎尾鎮虎興西八路
虎尾鎮虎興西八路２７２號,湯布院,112/09/05,2600,18.24,142.52,,透天厝,5,全/四層,房地(土地+建物),土:2 建:1車:0,6房2廳6衛,,有,有,住家用,,虎尾鎮虎興西八路
虎尾鎮虎興西十一街２５之１號,禾楓君?菁英別墅,111/01/02,1000,18.32,54.59,,透天厝,3,全/三層,房地(土地+建物),土:2 建:1車:0,4房2廳4衛,,無,無,住家用,,虎尾鎮虎興西十一街
虎尾鎮虎興西十一街３７號五樓之６,禾楓君悅菁英會館,112/06/30,800,22,36.35,0.6701,華廈(10層含以下有電梯),4,五層/十層,房地(土地+建物)+車位,土:1 建:1車:1,2房1廳2衛,,有,有,住家用,,虎尾鎮虎興西十一街
虎尾鎮虎興西十一街３７號八樓之３,禾楓君悅菁英會館,112/12/12,538,21.4,25.11,0.6801,華廈(10層含以下有電梯),4,八層/十層,房地(土地+建物)+車位,土:1 建:1車:1,1房1廳1衛,,有,有,住家用,,虎尾鎮虎興西十一街
虎尾鎮虎興西十一街３７號四樓之３,禾楓君悅菁英會館,111/06/29,300,16.8,17.86,0.68,華廈(10層含以下有電梯),3,四層/十層,房地(土地+建物),土:1 建:1車:0,1房1廳1衛,,無,無,住家用,,虎尾鎮虎興西十一街
虎尾鎮虎興西十二街８之６號,,113/01/26,1398,27.62,50.61,,透天厝,5,全/三層,房地(土地+建物),土:4 建:1車:0,3房2廳3衛,,無,無,住家用,,虎尾鎮虎興西十二街
虎尾鎮虎興西十二街５２號,禾楓君悅212(一)高鐵綻一期,112/11/07,1280,24.14,53.03,,透天厝,6,全/三層,房地(土地+建物),土:2 建:1車:0,4房1廳4衛,,無,無,住家用,,虎尾鎮虎興西十二街
虎尾鎮永興北一街１８之５號,,111/09/28,1500,19.83,75.63,,透天厝,2,全/四層,房地(土地+建物),土:4 建:1車:0,4房3廳5衛,,無,無,住家用,,虎尾鎮永興北一街
虎尾鎮永興北一街１８之７號,,113/01/26,1910,24.86,76.84,,透天厝,3,全/四層,房地(土地+建物),土:4 建:1車:0,4房3廳5衛,,無,無,住家用,,虎尾鎮永興北一街
虎尾鎮永興北一街４３號,,111/09/23,1400,21.71,64.5,,透天厝,,全/四層,房地(土地+建物),土:1 建:1車:0,6房2廳6衛,,無,無,住家用,,虎尾鎮永興北一街
虎尾鎮永興北一街８１號,,112/05/12,1220,20.41,59.77,,透天厝,8,全/四層,房地(土地+建物),土:1 建:1車:0,4房2廳4衛,,無,無,住家用,,虎尾鎮永興北一街
虎尾鎮永興北一街２００號,,111/01/18,1358,20.65,65.77,,透天厝,1,全/三層,房地(土地+建物),土:3 建:1車:0,4房1廳5衛,,無,有,住家用,,虎尾鎮永興北一街
虎尾鎮永興北一街２０２號,,111/01/18,1378,21.03,65.53,,透天厝,1,全/三層,房地(土地+建物),土:3 建:1車:0,4房1廳5衛,,無,有,住家用,,虎尾鎮永興北一街
虎尾鎮永興北一街２０６號,,111/01/28,1420,21.3,66.68,,透天厝,1,全/三層,房地(土地+建物),土:3 建:1車:0,4房1廳5衛,,無,有,住家用,,虎尾鎮永興北一街
虎尾鎮永興北三路５５號,,112/03/25,2050,24.14,84.91,,透天厝,,全/四層,房地(土地+建物),土:2 建:1車:0,5房2廳3衛,,有,有,住家用,,虎尾鎮永興北三路
虎尾鎮永興北三路５７號,,112/03/20,2000,23.41,85.44,,透天厝,,全/四層,房地(土地+建物),土:2 建:1車:0,5房2廳3衛,,有,有,住家用,,虎尾鎮永興北三路
虎尾鎮永興北三路５９號三樓之１,,112/01/26,470,15.87,29.61,0.6482,華廈(10層含以下有電梯),,三層/五層,房地(土地+建物)+車位,土:2 建:1車:1,2房1廳1衛,,有,有,住家用,,虎尾鎮永興北三路
虎尾鎮永興北三路５９號三樓之２,,112/10/13,600,20.2,29.73,0.65,華廈(10層含以下有電梯),1,三層/五層,房地(土地+建物)+車位,土:2 建:1車:1,2房1廳1衛,,有,有,住家用,,虎尾鎮永興北三路
虎尾鎮永興北三路５９號三樓之３,,112/01/14,500,16.4,30.42,0.6441,華廈(10層含以下有電梯),,三層/五層,房地(土地+建物)+車位,土:2 建:1車:1,2房1廳1衛,,有,有,住家用,,虎尾鎮永興北三路
虎尾鎮永興北三路５９號三樓之５,,112/12/28,675,22.1,30.54,0.6458,華廈(10層含以下有電梯),1,三層/五層,房地(土地+建物)+車位,土:2 建:1車:1,2房1廳1衛,,有,有,住家用,,虎尾鎮永興北三路
虎尾鎮永興北三路５９號二樓之１,,112/01/17,350,14.1,24.76,0.6496,華廈(10層含以下有電梯),,二層/五層,房地(土地+建物),土:2 建:1車:0,2房1廳1衛,,有,有,住家用,,虎尾鎮永興北三路
虎尾鎮永興北三路５９號二樓之２,,111/10/21,456,15,30.42,0.6441,華廈(10層含以下有電梯),,二層/五層,房地(土地+建物)+車位,土:2 建:1車:1,2房1廳1衛,,有,有,住家用,,虎尾鎮永興北三路
虎尾鎮永興北三路５９號二樓之３,,112/01/20,485,15.9,30.54,0.6458,華廈(10層含以下有電梯),,二層/五層,房地(土地+建物)+車位,土:2 建:1車:1,2房1廳1衛,,有,有,住家用,,虎尾鎮永興北三路
虎尾鎮永興北三路５９號五樓之１,,111/12/06,478,19.4,24.62,0.6483,華廈(10層含以下有電梯),,五層/五層,房地(土地+建物),土:2 建:1車:0,2房1廳1衛,,有,有,住家用,法定空地約定專用停車位編號1,虎尾鎮永興北三路
虎尾鎮永興北三路５９號五樓之２,,113/04/17,738,29.8,24.74,0.6501,華廈(10層含以下有電梯),1,五層/五層,房地(土地+建物)+車位,土:2 建:1車:1,2房2廳1衛,,有,有,住家用,機車編號M4,虎尾鎮永興北三路
虎尾鎮永興北三路５９號五樓之３,,111/12/22,500,16.4,30.42,0.6441,華廈(10層含以下有電梯),,五層/五層,房地(土地+建物)+車位,土:2 建:1車:1,2房1廳1衛,,有,有,住家用,,虎尾鎮永興北三路
虎尾鎮永興北三路５９號五樓之５,,112/03/21,512,16.8,30.54,0.6458,華廈(10層含以下有電梯),,五層/五層,房地(土地+建物)+車位,土:2 建:1車:1,2房1廳1衛,,有,有,住家用,,虎尾鎮永興北三路
虎尾鎮永興北三路５９號四樓之１,,112/02/20,466,15.7,29.61,0.6482,華廈(10層含以下有電梯),,四層/五層,房地(土地+建物)+車位,土:2 建:1車:1,2房1廳1衛,,有,有,住家用,,虎尾鎮永興北三路
虎尾鎮永興北三路５９號四樓之２,,111/12/18,490,16.5,29.73,0.65,華廈(10層含以下有電梯),,四層/五層,房地(土地+建物)+車位,土:2 建:1車:1,2房1廳1衛,,有,有,住家用,,虎尾鎮永興北三路
虎尾鎮永興北三路５９號四樓之３,,111/12/20,473.7,15.6,30.42,0.6441,華廈(10層含以下有電梯),,四層/五層,房地(土地+建物)+車位,土:2 建:1車:1,2房1廳1衛,,有,有,住家用,,虎尾鎮永興北三路
虎尾鎮永興北三路５９號四樓之５,,111/11/21,485,15.9,30.54,0.6458,華廈(10層含以下有電梯),,四層/五層,房地(土地+建物)+車位,土:2 建:1車:1,2房1廳1衛,,有,有,住家用,,虎尾鎮永興北三路
虎尾鎮永興北二街１５０號,禾楓君悅菁英會館,111/07/03,800,22.6,35.4,0.8351,華廈(10層含以下有電梯),3,一層/十層,房地(土地+建物),土:1 建:1車:0,,,有,有,商業用,建物第一次登記後移轉,虎尾鎮永興北二街
虎尾鎮永興北二街１５６號,禾楓君悅菁英會館,112/04/21,850,27.2,31.24,0.8365,華廈(10層含以下有電梯),4,一層/十層,房地(土地+建物)+車位,土:1 建:1車:1,1房1廳1衛,,有,有,商業用,含租約;,虎尾鎮永興北二街
虎尾鎮永興南一街６３號,,113/05/07,1680,29.35,57.24,,透天厝,,全/三層,房地(土地+建物),土:2 建:1車:0,4房2廳4衛,,無,無,住家用,,虎尾鎮永興南一街
虎尾鎮永興南一街６５號,,112/10/14,1768,31.17,56.72,,透天厝,,全/三層,房地(土地+建物),土:2 建:1車:0,4房2廳4衛,,無,無,住家用,建物第一次登記後移轉 預售屋、或土地及建物分件登記案件;,虎尾鎮永興南一街
虎尾鎮永興南一街６７號,,111/03/21,1480,26.1,56.71,,透天厝,,全/三層,房地(土地+建物),土:2 建:1車:0,4房2廳4衛,,無,無,住家用,預售屋、或土地及建物分件登記案件;,虎尾鎮永興南一街
虎尾鎮永興南一街６９之１號,,111/03/26,1428,22.13,64.54,,透天厝,,全/三層,房地(土地+建物),土:2 建:1車:0,4房2廳4衛,,無,無,住家用,預售屋、或土地及建物分件登記案件;,虎尾鎮永興南一街
虎尾鎮永興南一街６９之２號,,111/03/26,1428,21.85,65.36,,透天厝,,全/三層,房地(土地+建物),土:2 建:1車:0,4房2廳4衛,,無,無,住家用,預售屋、或土地及建物分件登記案件;,虎尾鎮永興南一街
虎尾鎮永興南一街６９之３號,,111/05/21,1458,22.47,64.9,,透天厝,,全/三層,房地(土地+建物),土:2 建:1車:0,4房2廳4衛,,無,無,住家用,預售屋、或土地及建物分件登記案件;,虎尾鎮永興南一街
虎尾鎮永興南一街６９之５號,,111/12/23,1488,23.05,64.55,,透天厝,,全/三層,房地(土地+建物),土:2 建:1車:0,4房2廳4衛,,無,無,住家用,預售屋、或土地及建物分件登記案件;,虎尾鎮永興南一街
虎尾鎮永興南一街６９之６號,,112/03/08,1528,23.59,64.78,,透天厝,,全/三層,房地(土地+建物),土:2 建:1車:0,4房2廳4衛,,無,無,住家用,預售屋、或土地及建物分件登記案件;,虎尾鎮永興南一街
虎尾鎮永興南一街６９之７號,,112/06/12,1488,23.1,64.42,,透天厝,,全/三層,房地(土地+建物),土:2 建:1車:0,4房2廳4衛,,無,無,住家用,預售屋、或土地及建物分件登記案件;,虎尾鎮永興南一街
虎尾鎮永興南一街６９號,,111/03/21,1498,26.45,56.64,,透天厝,,全/三層,房地(土地+建物),土:2 建:1車:0,4房2廳4衛,,無,無,住家用,預售屋、或土地及建物分件登記案件;,虎尾鎮永興南一街
虎尾鎮永興南九路９號,,111/02/23,1300,16.09,80.81,,透天厝,,全/四層,房地(土地+建物),土:1 建:1車:0,6房2廳5衛,,無,無,住家用,預售屋、或土地及建物分件登記案件;,虎尾鎮永興南九路
虎尾鎮永興南九路２９之１６號,農博御景,111/05/01,1320,22.7,58.15,,透天厝,3,全/三層,房地(土地+建物),土:2 建:1車:0,5房3廳5衛,,無,無,住家用,,虎尾鎮永興南九路
虎尾鎮永興南九路２９之３號,農博御景,111/08/13,1330,22.87,58.15,,透天厝,3,全/三層,房地(土地+建物),土:2 建:1車:0,4房2廳5衛,,無,無,住家用,,虎尾鎮永興南九路
虎尾鎮永興南二街２５６號,,111/04/25,580,20.12,28.83,0.8272,住宅大樓(11層含以上有電梯),,一層/十一層,房地(土地+建物),土:1 建:1車:0,1房1衛,,有,有,商業用,預售屋、或土地及建物分件登記案件;,虎尾鎮永興南二街
虎尾鎮永興南二街２５８號七樓之１０,,112/09/25,555,18,31.38,0.6552,住宅大樓(11層含以上有電梯),,七層/十一層,房地(土地+建物)+車位,土:1 建:1車:1,2房1廳1衛,45,有,有,住家用,建物第一次登記後移轉,虎尾鎮永興南二街
虎尾鎮永興南二街２５８號七樓之１１,,111/03/18,330,17.4,19.01,0.6649,住宅大樓(11層含以上有電梯),,七層/十一層,房地(土地+建物),土:1 建:1車:0,1房1廳1衛,,有,有,住家用,預售屋、或土地及建物分件登記案件;,虎尾鎮永興南二街
虎尾鎮永興南二街２５８號七樓之１６,,112/08/06,224,14.8,15.14,0.6454,套房(1房(1廳)1衛),,七層/十一層,房地(土地+建物),土:1 建:1車:0,1房1廳1衛,,有,有,住家用,預售屋、或土地及建物分件登記案件;,虎尾鎮永興南二街
虎尾鎮永興南二街２５８號七樓之１７,,112/08/06,225,14.9,15.14,0.6454,套房(1房(1廳)1衛),,七層/十一層,房地(土地+建物),土:1 建:1車:0,1房1廳1衛,,有,有,住家用,預售屋、或土地及建物分件登記案件;,虎尾鎮永興南二街
虎尾鎮永興南二街２５８號三樓之１１,,112/11/10,280,14.7,19.01,0.6649,住宅大樓(11層含以上有電梯),,三層/十一層,房地(土地+建物),土:1 建:1車:0,1房1廳1衛,,有,有,住家用,建物第一次登記後移轉,虎尾鎮永興南二街
虎尾鎮永興南二街２５８號三樓之１２,,111/01/11,612,15.5,40.3,0.6683,住宅大樓(11層含以上有電梯),,三層/十一層,房地(土地+建物)+車位,土:1 建:1車:1,3房1廳2衛,80,有,有,住家用,預售屋、或土地及建物分件登記案件;,虎尾鎮永興南二街
虎尾鎮永興南二街２５８號三樓之５,,112/07/15,448,14.3,31.8,0.6657,住宅大樓(11層含以上有電梯),,三層/十一層,房地(土地+建物)+車位,土:1 建:1車:1,2房1廳1衛,35,有,有,住家用,預售屋、或土地及建物分件登記案件;,虎尾鎮永興南二街
虎尾鎮永興南二街２５８號三樓之７,,111/06/27,590,17.1,34.43,0.6704,住宅大樓(11層含以上有電梯),,三層/十一層,房地(土地+建物),土:1 建:1車:0,3房1廳2衛,,有,有,住家用,預售屋、或土地及建物分件登記案件;,虎尾鎮永興南二街
虎尾鎮永興南二街２５８號三樓之８,,112/08/19,280,14.7,19,0.6653,住宅大樓(11層含以上有電梯),,三層/十一層,房地(土地+建物),土:1 建:1車:0,1房1廳1衛,,有,有,住家用,建物第一次登記後移轉 預售屋、或土地及建物分件登記案件;,虎尾鎮永興南二街
虎尾鎮永興南二街２５８號三樓之９,,111/06/30,473,16.8,28.15,0.66,住宅大樓(11層含以上有電梯),,三層/十一層,房地(土地+建物),土:1 建:1車:0,2房1廳1衛,,有,有,住家用,預售屋、或土地及建物分件登記案件;,虎尾鎮永興南二街
虎尾鎮永興南二街２５８號九樓之１５,,111/04/11,497,14.7,35.04,0.6669,住宅大樓(11層含以上有電梯),,九層/十一層,房地(土地+建物)+車位,土:1 建:1車:1,2房1廳1衛,70,有,有,住家用,預售屋、或土地及建物分件登記案件;,虎尾鎮永興南二街
虎尾鎮永興南二街２５８號九樓之１６,,112/07/31,230,15.2,15.14,0.6454,住宅大樓(11層含以上有電梯),,九層/十一層,房地(土地+建物),土:1 建:1車:0,1房1廳1衛,,有,有,住家用,預售屋、或土地及建物分件登記案件;,虎尾鎮永興南二街
虎尾鎮永興南二街２５８號二樓之１０,,111/07/14,478,16.8,28.42,0.6519,住宅大樓(11層含以上有電梯),,二層/十一層,房地(土地+建物),土:1 建:1車:0,2房1廳1衛,,有,有,住家用,預售屋、或土地及建物分件登記案件;,虎尾鎮永興南二街
虎尾鎮永興南二街２５８號二樓之１１,,111/04/30,332,17.3,19.15,0.6568,住宅大樓(11層含以上有電梯),,二層/十一層,房地(土地+建物),土:1 建:1車:0,1房1廳1衛,,有,有,住家用,預售屋、或土地及建物分件登記案件;,虎尾鎮永興南二街
虎尾鎮永興南二街２５８號二樓之１２,,111/08/21,588,17,34.65,0.6607,住宅大樓(11層含以上有電梯),,二層/十一層,房地(土地+建物),土:1 建:1車:0,3房1廳2衛,,有,有,住家用,預售屋、或土地及建物分件登記案件;,虎尾鎮永興南二街
虎尾鎮永興南二街２５８號二樓之１５,,112/10/19,446,15.2,29.28,0.6605,住宅大樓(11層含以上有電梯),,二層/十一層,房地(土地+建物),土:1 建:1車:0,2房1廳1衛,,有,有,住家用,建物第一次登記後移轉,虎尾鎮永興南二街
虎尾鎮永興南二街２５８號二樓之２,,113/01/27,345,22.5,15.32,0.638,住宅大樓(11層含以上有電梯),,二層/十一層,房地(土地+建物),土:1 建:1車:0,1房1廳1衛,,有,有,住家用,,虎尾鎮永興南二街
虎尾鎮永興南二街２５８號二樓之８,,111/06/27,326,17,19.17,0.6564,住宅大樓(11層含以上有電梯),,二層/十一層,房地(土地+建物),土:1 建:1車:0,1房1廳1衛,,有,有,住家用,預售屋、或土地及建物分件登記案件;,虎尾鎮永興南二街
虎尾鎮永興南二街２５８號二樓之９,,111/09/03,486,17.1,28.42,0.6519,住宅大樓(11層含以上有電梯),,二層/十一層,房地(土地+建物),土:1 建:1車:0,2房1廳1衛,,有,有,住家用,預售屋、或土地及建物分件登記案件;,虎尾鎮永興南二街
虎尾鎮永興南二街２５８號五樓之１１,,112/07/18,321,16.9,19.01,0.6649,住宅大樓(11層含以上有電梯),,五層/十一層,房地(土地+建物),土:1 建:1車:0,1房1廳1衛,,有,有,住家用,建物第一次登記後移轉 預售屋、或土地及建物分件登記案件;,虎尾鎮永興南二街
虎尾鎮永興南二街２５８號五樓之１７,,112/10/30,217,14.3,15.14,0.6454,住宅大樓(11層含以上有電梯),,五層/十一層,房地(土地+建物),土:1 建:1車:0,1房1廳1衛,,有,有,住家用,建物第一次登記後移轉,虎尾鎮永興南二街
虎尾鎮永興南二街２５８號五樓之３,,113/04/20,438,20.7,21.2,0.6449,住宅大樓(11層含以上有電梯),1,五層/十一層,房地(土地+建物)+車位,土:1 建:1車:1,1房1廳1衛,,有,有,住家用,,虎尾鎮永興南二街
虎尾鎮永興南二街２５８號五樓之６,,113/04/14,390,21.8,17.85,0.6408,住宅大樓(11層含以上有電梯),1,五層/十一層,房地(土地+建物),土:1 建:1車:0,1房1廳1衛,,有,有,住家用,,虎尾鎮永興南二街
虎尾鎮永興南二街２５８號八樓之１１,,111/07/02,333,17.5,19.01,0.6649,住宅大樓(11層含以上有電梯),,八層/十一層,房地(土地+建物),土:1 建:1車:0,1房1廳1衛,,有,有,住家用,預售屋、或土地及建物分件登記案件;,虎尾鎮永興南二街
虎尾鎮永興南二街２５８號八樓之２,,111/11/15,232,15.3,15.14,0.6454,住宅大樓(11層含以上有電梯),,八層/十一層,房地(土地+建物),土:1 建:1車:0,1房1廳1衛,,有,有,住家用,預售屋、或土地及建物分件登記案件;,虎尾鎮永興南二街
虎尾鎮永興南二街２５８號六樓之１０,,111/03/01,487,17.3,28.15,0.66,住宅大樓(11層含以上有電梯),,六層/十一層,房地(土地+建物),土:1 建:1車:0,2房1廳1衛,,有,有,住家用,預售屋、或土地及建物分件登記案件;,虎尾鎮永興南二街
虎尾鎮永興南二街２５８號六樓之１１,,111/04/24,329.8,17.3,19.01,0.6649,住宅大樓(11層含以上有電梯),,六層/十一層,房地(土地+建物),土:1 建:1車:0,1房1廳1衛,,有,有,住家用,預售屋、或土地及建物分件登記案件;,虎尾鎮永興南二街
虎尾鎮永興南二街２５８號十一樓之５,,112/09/25,555,17.7,31.78,0.6642,住宅大樓(11層含以上有電梯),,十一層/十一層,房地(土地+建物)+車位,土:1 建:1車:1,2房1廳1衛,45,有,有,住家用,建物第一次登記後移轉,虎尾鎮永興南二街
虎尾鎮永興南二街２５８號十樓之１１,,111/05/05,371,17.4,22.04,0.6646,住宅大樓(11層含以上有電梯),,十層/十一層,房地(土地+建物)+車位,土:1 建:1車:1,1房1廳1衛,40,有,有,住家用,預售屋、或土地及建物分件登記案件;,虎尾鎮永興南二街
虎尾鎮永興南二街２５８號十樓之１２,,111/06/19,610,15.5,40.3,0.6683,住宅大樓(11層含以上有電梯),,十層/十一層,房地(土地+建物)+車位,土:1 建:1車:1,3房1廳2衛,80,有,有,住家用,預售屋、或土地及建物分件登記案件;,虎尾鎮永興南二街
虎尾鎮永興南二街２５８號十樓之１８,,112/09/25,600,18.1,34.16,0.6366,住宅大樓(11層含以上有電梯),,十層/十一層,房地(土地+建物)+車位,土:1 建:1車:2,2房1廳1衛,90,有,有,住家用,建物第一次登記後移轉,虎尾鎮永興南二街
虎尾鎮永興南二街２５８號十樓之２,,112/04/08,232,15.3,15.14,0.6454,住宅大樓(11層含以上有電梯),,十層/十一層,房地(土地+建物),土:1 建:1車:0,1房1廳1衛,,有,有,住家用,預售屋、或土地及建物分件登記案件;,虎尾鎮永興南二街
虎尾鎮永興南二街２５８號十樓之３,,112/11/12,330,21.8,15.14,0.6454,住宅大樓(11層含以上有電梯),,十層/十一層,房地(土地+建物),土:1 建:1車:0,1房1廳1衛,,有,有,住家用,建物第一次登記後移轉,虎尾鎮永興南二街
虎尾鎮永興南二街２５８號十樓之６,,113/04/06,488,20.4,23.91,0.6404,住宅大樓(11層含以上有電梯),1,十層/十一層,房地(土地+建物)+車位,土:1 建:1車:1,1房1廳1衛,,有,有,住家用,,虎尾鎮永興南二街
虎尾鎮永興南二街２５８號十樓之８,,111/05/05,371,17.4,22.04,0.6646,住宅大樓(11層含以上有電梯),,十層/十一層,房地(土地+建物)+車位,土:1 建:1車:1,1房1廳1衛,40,有,有,住家用,預售屋、或土地及建物分件登記案件;,虎尾鎮永興南二街
虎尾鎮永興南二街２５８號四樓之１０,,111/08/12,480,17,28.15,0.66,住宅大樓(11層含以上有電梯),,四層/十一層,房地(土地+建物),土:1 建:1車:0,2房1廳1衛,,有,有,住家用,預售屋、或土地及建物分件登記案件;,虎尾鎮永興南二街
虎尾鎮永興南二街２５８號四樓之１２,,111/02/24,628,17.2,37.27,0.6684,住宅大樓(11層含以上有電梯),,四層/十一層,房地(土地+建物)+車位,土:1 建:1車:1,3房1廳2衛,40,有,有,住家用,預售屋、或土地及建物分件登記案件;,虎尾鎮永興南二街
虎尾鎮永興南二街２５８號四樓之１３,,111/11/27,259,14.5,17.85,0.6408,住宅大樓(11層含以上有電梯),,四層/十一層,房地(土地+建物),土:1 建:1車:0,1房1廳1衛,,有,有,住家用,預售屋、或土地及建物分件登記案件;,虎尾鎮永興南二街
虎尾鎮永興南二街２５８號四樓之５,,113/01/14,756,21.7,34.86,0.6648,住宅大樓(11層含以上有電梯),,四層/十一層,房地(土地+建物)+車位,土:1 建:1車:1,2房1廳1衛,,有,有,住家用,,虎尾鎮永興南二街
虎尾鎮永興南二街２５８號四樓之９,,111/07/02,473,16.8,28.15,0.66,住宅大樓(11層含以上有電梯),,四層/十一層,房地(土地+建物),土:1 建:1車:0,2房1廳1衛,,有,有,住家用,預售屋、或土地及建物分件登記案件;,虎尾鎮永興南二街
虎尾鎮永興南二街２９５之６號,,111/07/02,760,17.08,44.49,,透天厝,,全/三層,房地(土地+建物),土:3 建:1車:0,3房2廳2衛,,有,無,住家用,,虎尾鎮永興南二街
虎尾鎮永興南五街１３３之１號,,112/06/09,1388,24.1,57.6,,透天厝,,全/三層,房地(土地+建物),土:3 建:1車:0,5房2廳4衛,,有,無,住家用,預售屋、或土地及建物分件登記案件;,虎尾鎮永興南五街
虎尾鎮永興南五街１３９號,,111/03/04,1010,17.23,58.61,,透天厝,,全/三層,房地(土地+建物),土:2 建:1車:0,4房2廳4衛,,有,無,住家用,,虎尾鎮永興南五街
虎尾鎮永興南五街１４３號,,113/01/08,1120,18.84,59.44,,透天厝,1,全/三層,房地(土地+建物),土:2 建:1車:0,4房2廳4衛,,無,無,住家用,,虎尾鎮永興南五街
虎尾鎮永興路４３１號三樓之１,,113/05/28,900,26.98,33.36,0.6085,華廈(10層含以下有電梯),,三層/十層,房地(土地+建物)+車位,土:1 建:1車:1,2房1廳1衛,150,有,有,住家用,,虎尾鎮永興路
虎尾鎮學府二路３８號,,111/03/31,1640,18.6,88.16,,透天厝,,全/四層,房地(土地+建物),土:2 建:1車:0,4房3廳5衛,,無,有,住家用,建物第一次登記後移轉,虎尾鎮學府二路
虎尾鎮學府二路４０號,,111/03/31,1640,18.76,87.42,,透天厝,,全/四層,房地(土地+建物),土:2 建:1車:0,4房3廳5衛,,無,有,住家用,建物第一次登記後移轉,虎尾鎮學府二路
虎尾鎮學府二路４２之１號,,111/03/31,1288,17.52,73.5,,透天厝,,全/四層,房地(土地+建物),土:3 建:1車:0,4房3廳5衛,,無,無,住家用,建物第一次登記後移轉,虎尾鎮學府二路
虎尾鎮學府二路４２之２號,,111/03/31,1290,17.84,72.31,,透天厝,,全/四層,房地(土地+建物),土:3 建:1車:0,4房3廳5衛,,無,無,住家用,建物第一次登記後移轉,虎尾鎮學府二路
虎尾鎮學府二路４２之３號,,111/03/31,1288,17.81,72.31,,透天厝,,全/四層,房地(土地+建物),土:4 建:1車:0,4房3廳5衛,,無,無,住家用,建物第一次登記後移轉,虎尾鎮學府二路
虎尾鎮學府二路４２之５號,,111/03/31,1388,18.88,73.5,,透天厝,,全/四層,房地(土地+建物),土:4 建:1車:0,4房3廳5衛,,無,無,住家用,建物第一次登記後移轉,虎尾鎮學府二路
虎尾鎮學府二路４２號,,111/03/31,1640,18.6,88.15,,透天厝,,全/四層,房地(土地+建物),土:2 建:1車:0,4房3廳5衛,,無,有,住家用,建物第一次登記後移轉,虎尾鎮學府二路
虎尾鎮學府二路４６之１號,,111/03/31,1250,17.01,73.5,,透天厝,,全/四層,房地(土地+建物),土:3 建:1車:0,4房3廳5衛,,無,無,住家用,建物第一次登記後移轉,虎尾鎮學府二路
虎尾鎮學府二路４６之２號,,111/03/31,1295,17.91,72.31,,透天厝,,全/四層,房地(土地+建物),土:3 建:1車:0,4房3廳5衛,,無,無,住家用,建物第一次登記後移轉,虎尾鎮學府二路
虎尾鎮學府二路４６之３號,,111/03/31,1260,17.42,72.31,,透天厝,,全/四層,房地(土地+建物),土:4 建:1車:0,4房3廳5衛,,無,無,住家用,建物第一次登記後移轉,虎尾鎮學府二路
虎尾鎮學府二路４６之５號,,111/03/31,1398,19.02,73.51,,透天厝,,全/四層,房地(土地+建物),土:4 建:1車:0,4房3廳5衛,,無,無,住家用,建物第一次登記後移轉,虎尾鎮學府二路
虎尾鎮學府二路４６號,,111/03/31,1910,21.67,88.16,,透天厝,,全/四層,房地(土地+建物),土:2 建:1車:0,4房3廳5衛,,無,有,住家用,建物第一次登記後移轉,虎尾鎮學府二路
虎尾鎮學府二路４８號,,111/03/31,1800,20.59,87.42,,透天厝,,全/四層,房地(土地+建物),土:2 建:1車:0,4房3廳5衛,,無,有,住家用,建物第一次登記後移轉,虎尾鎮學府二路
虎尾鎮學府二路５０號,,111/03/31,1810,20.53,88.15,,透天厝,,全/四層,房地(土地+建物),土:2 建:1車:0,4房3廳5衛,,無,有,住家用,建物第一次登記後移轉,虎尾鎮學府二路
虎尾鎮學府二路２３５之１號,,111/01/08,1188,19.72,60.25,,透天厝,2,全/四層,房地(土地+建物),土:2 建:1車:0,3房3廳4衛,,無,無,住家用,,虎尾鎮學府二路
虎尾鎮學府二路２３５之２號,,111/02/18,1208,20.46,59.05,,透天厝,2,全/四層,房地(土地+建物),土:2 建:1車:0,3房3廳4衛,,無,無,住家用,,虎尾鎮學府二路
虎尾鎮學府二路２３５之３號,,111/01/02,1188,20.12,59.05,,透天厝,2,全/四層,房地(土地+建物),土:3 建:1車:0,3房3廳4衛,,無,無,住家用,,虎尾鎮學府二路
虎尾鎮學府二路３０７號,,111/12/25,1290,21.4,60.29,,透天厝,8,全/四層,房地(土地+建物),土:2 建:1車:0,3房2廳4衛,,無,無,住家用,,虎尾鎮學府二路
虎尾鎮學府東路８８號,,112/10/18,1500,28.66,52.34,,透天厝,11,全/三層,房地(土地+建物),土:1 建:1車:0,5房1廳3衛,,有,無,住家用,,虎尾鎮學府東路
虎尾鎮松園三路５５號,,111/05/06,1288,23.84,54.03,,透天厝,,全/三層,房地(土地+建物),土:1 建:1車:0,4房2廳4衛,,無,無,住家用,建物第一次登記後移轉 其他增建;,虎尾鎮松園三路
虎尾鎮松園三路５７之１號,,111/06/14,1028,19.21,53.51,,透天厝,,全/三層,房地(土地+建物),土:2 建:1車:0,4房2廳4衛,,無,無,住家用,建物第一次登記後移轉,虎尾鎮松園三路
虎尾鎮松園三路５７號,,111/04/23,1250,23.15,54,,透天厝,,全/三層,房地(土地+建物),土:1 建:1車:0,4房3廳4衛,,無,無,住家用,建物第一次登記後移轉,虎尾鎮松園三路
虎尾鎮松園三路１００號七樓之３,,113/03/27,788,25.2,37.3,0.5936,住宅大樓(11層含以上有電梯),2,七層/十一層,房地(土地+建物)+車位,土:1 建:1車:1,1房1廳2衛,88,有,有,住家用,,虎尾鎮松園三路
虎尾鎮松園三路１００號三樓之１０,,112/10/31,430,23.2,18.51,0.5935,住宅大樓(11層含以上有電梯),1,三層/十一層,房地(土地+建物),土:1 建:1車:0,1房1廳1衛,,有,有,住家用,,虎尾鎮松園三路
虎尾鎮松園三路１００號三樓之２,,112/03/29,342,18.5,18.51,0.5935,住宅大樓(11層含以上有電梯),1,三層/十一層,房地(土地+建物),土:1 建:1車:0,1房1廳1衛,,有,有,住家用,,虎尾鎮松園三路
虎尾鎮松園三路１００號三樓之５,,112/07/26,420,22.7,18.51,0.5935,住宅大樓(11層含以上有電梯),1,三層/十一層,房地(土地+建物),土:1 建:1車:0,1房1廳1衛,,有,有,住家用,,虎尾鎮松園三路
虎尾鎮松園三路１００號九樓之６,,113/04/01,875,26.5,33.05,0.6253,住宅大樓(11層含以上有電梯),2,九層/十一層,房地(土地+建物)+車位,土:1 建:1車:1,2房1廳1衛,,有,有,住家用,,虎尾鎮松園三路
虎尾鎮松園三路１００號五樓之８,,112/11/21,463,25,18.51,0.5935,住宅大樓(11層含以上有電梯),1,五層/十一層,房地(土地+建物),土:1 建:1車:0,1房1廳1衛,,有,有,住家用,,虎尾鎮松園三路
虎尾鎮松園三路１００號六樓之６,,112/12/30,432,23.3,18.51,0.5935,住宅大樓(11層含以上有電梯),1,六層/十一層,房地(土地+建物),土:1 建:1車:0,1房1廳1衛,,有,有,住家用,農業設施;,虎尾鎮松園三路
虎尾鎮松園三路１００號十樓之６,,113/03/29,750,22.7,33.05,0.6253,住宅大樓(11層含以上有電梯),2,十層/十一層,房地(土地+建物)+車位,土:1 建:1車:1,2房1廳1衛,,有,有,住家用,,虎尾鎮松園三路
虎尾鎮松園三路１００號四樓之１０,,112/10/25,525,18.7,28.04,0.5934,住宅大樓(11層含以上有電梯),1,四層/十一層,房地(土地+建物)+車位,土:1 建:1車:1,1房1廳1衛,,有,有,住家用,含傢俱設備費;,虎尾鎮松園三路
虎尾鎮松園三路１１２號七樓之１,,113/03/06,445,23.8,18.69,0.5973,華廈(10層含以下有電梯),4,七層/十層,房地(土地+建物),土:1 建:1車:0,1房1廳1衛,,有,有,住家用,含傢俱設備費;,虎尾鎮松園三路
虎尾鎮松園三路１１２號七樓之５,,111/06/02,495,16.1,30.81,0.3565,華廈(10層含以下有電梯),2,七層/十層,房地(土地+建物)+車位,土:1 建:1車:1,1房1廳1衛,,有,有,住家用,,虎尾鎮松園三路
虎尾鎮松園三路１１２號三樓之２,,113/04/12,398,21.6,18.42,0.5963,華廈(10層含以下有電梯),4,三層/十層,房地(土地+建物),土:1 建:1車:0,1房1廳1衛,,有,有,住家用,,虎尾鎮松園三路
虎尾鎮松園三路１１２號三樓之８,,112/08/05,425,23.1,18.42,0.5963,華廈(10層含以下有電梯),3,三層/十層,房地(土地+建物),土:1 建:1車:0,1房1廳1衛,,有,有,住家用,含傢俱設備費;,虎尾鎮松園三路
虎尾鎮松園三路１１２號九樓之１０,,113/03/26,557,17.9,31.09,0.5974,華廈(10層含以下有電梯),4,九層/十層,房地(土地+建物)+車位,土:1 建:1車:1,2房2衛,,有,有,住家用,,虎尾鎮松園三路
虎尾鎮松園三路１１２號二樓之２,,112/12/02,420,22.8,18.42,0.5963,華廈(10層含以下有電梯),4,二層/十層,房地(土地+建物),土:1 建:1車:0,1房1廳1衛,,有,有,住家用,,虎尾鎮松園三路
虎尾鎮松園三路１１２號二樓之９,,113/03/21,465,24.9,18.69,0.5974,套房(1房(1廳)1衛),4,二層/十層,房地(土地+建物),土:1 建:1車:0,1房1廳1衛,,有,有,住家用,含傢俱設備費;,虎尾鎮松園三路
虎尾鎮松園三路１１２號五樓之６,,112/04/11,395,21.2,18.64,0.5962,華廈(10層含以下有電梯),3,五層/十層,房地(土地+建物),土:1 建:1車:0,1房1廳1衛,,有,有,住家用,,虎尾鎮松園三路
虎尾鎮松園三路１１２號五樓之７,,113/02/17,405,21.6,18.77,0.5892,華廈(10層含以下有電梯),4,五層/十層,房地(土地+建物),土:1 建:1車:0,1房1廳1衛,,有,有,住家用,,虎尾鎮松園三路
虎尾鎮松園三路１１２號八樓之７,,112/04/24,400,21.7,18.42,0.5963,華廈(10層含以下有電梯),3,八層/十層,房地(土地+建物),土:1 建:1車:0,1房1廳1衛,,有,有,住家用,,虎尾鎮松園三路
虎尾鎮松園三路１１２號十樓之２,,113/02/08,440,23.9,18.42,0.5963,華廈(10層含以下有電梯),4,十層/十層,房地(土地+建物),土:1 建:1車:0,1房1廳1衛,,有,有,住家用,,虎尾鎮松園三路
虎尾鎮松園三路１１２號四樓之７,,113/03/16,580,18.6,31.16,0.5892,華廈(10層含以下有電梯),4,四層/十層,房地(土地+建物)+車位,土:1 建:1車:1,1房1廳1衛,,有,有,住家用,,虎尾鎮松園三路
虎尾鎮松園二路２０號,,112/10/02,1880,25.31,74.28,,透天厝,,全/四層,房地(土地+建物),土:1 建:1車:0,4房2廳5衛,,無,無,住家用,建物第一次登記後移轉,虎尾鎮松園二路
虎尾鎮松園二路２２之１號,,113/03/15,1358,22.26,61.01,,透天厝,,全/三層,房地(土地+建物),土:2 建:1車:0,4房2廳4衛,,無,無,住家用,,虎尾鎮松園二路
虎尾鎮松園二路２２之２號,,112/12/12,1325,21.75,60.91,,透天厝,,全/三層,房地(土地+建物),土:2 建:1車:0,4房2廳4衛,,無,無,住家用,建物第一次登記後移轉,虎尾鎮松園二路
虎尾鎮松園二路２２號,,112/09/28,1880,25.33,74.22,,透天厝,,全/四層,房地(土地+建物),土:1 建:1車:0,4房2廳5衛,,無,無,住家用,建物第一次登記後移轉,虎尾鎮松園二路
虎尾鎮松園二路２６之１號,,113/03/24,1418,23.24,61.01,,透天厝,1,全/三層,房地(土地+建物),土:2 建:1車:0,4房2廳4衛,,無,無,住家用,,虎尾鎮松園二路
虎尾鎮松園二路２６之２號,,113/02/28,1368,22.46,60.91,,透天厝,,全/三層,房地(土地+建物),土:2 建:1車:0,4房2廳4衛,,無,無,住家用,,虎尾鎮松園二路
虎尾鎮松園二路２６號,,112/09/26,1880,25.31,74.28,,透天厝,,全/四層,房地(土地+建物),土:1 建:1車:0,4房2廳5衛,,無,無,住家用,建物第一次登記後移轉,虎尾鎮松園二路
虎尾鎮松園二路２８號,,112/10/02,1900,25.6,74.22,,透天厝,,全/四層,房地(土地+建物),土:1 建:1車:0,4房2廳5衛,,無,無,住家用,建物第一次登記後移轉,虎尾鎮松園二路
虎尾鎮科虎路７０號,,112/06/25,1538,29.82,51.57,,透天厝,1,全/三層,房地(土地+建物),土:2 建:1車:0,4房2廳4衛,,無,無,住家用,,
虎尾鎮科虎路７２號,,113/03/09,1520,29.47,51.57,,透天厝,2,全/三層,房地(土地+建物),土:2 建:1車:0,4房2廳4衛,,無,無,住家用,,
虎尾鎮科虎路７０之２號,,113/04/18,1360,28.51,47.7,,透天厝,2,全/三層,房地(土地+建物),土:3 建:1車:0,4房2廳4衛,,無,無,住家用,,
虎尾鎮科虎路６２號,,113/03/08,1380,28.39,48.61,,透天厝,2,全/三層,房地(土地+建物),土:1 建:1車:0,4房2廳4衛,,無,無,住家用,,
虎尾鎮科虎路６８號,,113/03/09,1460,28.31,51.57,,透天厝,2,全/三層,房地(土地+建物),土:1 建:1車:0,4房2廳4衛,,無,無,住家用,,
虎尾鎮科虎路７８號,,112/10/27,1358,28.09,48.35,,透天厝,1,全/三層,房地(土地+建物),土:1 建:1車:0,4房2廳4衛,,無,無,住家用,,
虎尾鎮科虎路７２之２號,,112/10/28,1340,28.04,47.79,,透天厝,1,全/三層,房地(土地+建物),土:3 建:1車:0,4房2廳4衛,,無,無,住家用,,
虎尾鎮科虎路６６號,,112/12/07,1350,27.92,48.35,,透天厝,1,全/三層,房地(土地+建物),土:1 建:1車:0,4房2廳4衛,,無,無,住家用,,
虎尾鎮科虎路８０號,,112/12/24,1350,27.92,48.35,,透天厝,1,全/三層,房地(土地+建物),土:1 建:1車:0,4房2廳4衛,,無,無,住家用,,
虎尾鎮科虎路７６號,,112/12/07,1438,27.88,51.57,,透天厝,1,全/三層,房地(土地+建物),土:1 建:1車:0,4房2廳4衛,,無,無,住家用,,
虎尾鎮科虎路８２號,,113/01/06,1450,27.71,52.32,,透天厝,1,全/三層,房地(土地+建物),土:1 建:1車:0,4房2廳4衛,,無,無,住家用,,
虎尾鎮科虎路７０之１號,,112/12/24,1330,27.43,48.48,,透天厝,1,全/三層,房地(土地+建物),土:3 建:1車:0,4房2廳4衛,,無,無,住家用,,
虎尾鎮科虎路８８號,,112/11/20,1470,26.34,55.8,,透天厝,1,全/三層,房地(土地+建物),土:1 建:1車:0,4房2廳4衛,,無,無,住家用,,
虎尾鎮科虎路８６號,,112/12/24,1461,26.18,55.8,,透天厝,1,全/三層,房地(土地+建物),土:1 建:1車:0,4房2廳4衛,,無,無,住家用,,
虎尾鎮科虎路８號,,112/05/16,550,23,23.88,0.6896,華廈(10層含以下有電梯),1,一層/六層,房地(土地+建物),土:1 建:1車:0,2房2廳1衛,,有,有,住家用,,
虎尾鎮科虎路１０８號,,111/10/03,1180,22.11,53.37,,透天厝,7,全/三層,房地(土地+建物),土:1 建:1車:0,5房1廳5衛,,無,無,住家用,,
虎尾鎮科虎路８號六樓之２,,112/11/20,780,18.3,42.71,0.6376,華廈(10層含以下有電梯),1,六層/六層,房地(土地+建物)+車位,土:1 建:1車:1,3房2廳2衛,,有,有,住家用,,
虎尾鎮科虎路８號六樓之１,,112/12/19,450,16.9,26.62,0.6205,華廈(10層含以下有電梯),1,六層/六層,房地(土地+建物),土:1 建:1車:0,2房1廳1衛,,有,有,住家用,含傢俱設備費;,
虎尾鎮科虎路８號二樓之６,,111/04/12,530,16.6,35,0.6227,華廈(10層含以下有電梯),,二層/六層,房地(土地+建物)+車位,土:1 建:1車:1,1房2廳1衛,80,有,有,住家用,,
虎尾鎮科虎路８號四樓之３,,111/02/07,266,16.1,16.49,0.6171,套房(1房(1廳)1衛),,四層/六層,房地(土地+建物),土:1 建:1車:0,1房1廳1衛,,有,有,住家用,,
虎尾鎮科虎路８號三樓之７,,113/03/07,418,15.7,26.61,0.6204,華廈(10層含以下有電梯),1,三層/六層,房地(土地+建物),土:1 建:1車:0,2房2廳1衛,,有,有,住家用,親友、員工、共有人或其他特殊關係間之交易;,
虎尾鎮科虎路８號二樓之１,,111/04/12,490,15.4,34.53,0.6204,華廈(10層含以下有電梯),,二層/六層,房地(土地+建物)+車位,土:1 建:1車:1,2房2廳1衛,80,有,有,住家用,,
虎尾鎮科虎路８號四樓之７,,111/01/25,466,13.5,34.52,0.6204,華廈(10層含以下有電梯),,四層/六層,房地(土地+建物)+車位,土:1 建:1車:1,2房2廳1衛,80,有,有,住家用,,
